id,task_name,split_name,entity_table,entity_id,split_strategy,leakage_group,version,created_at
1,offtarget_safety_v0_1,test,offtarget_evidence,10,source_plus_molecule_grouped_manual_v1,source:26338776|molecule:GSK2910546A ASO gapmer panel from PMID 26338776,20260602_batch003_manual_benchmark_v1,2026-06-01T23:45:26+00:00
3,offtarget_safety_v0_1,train,offtarget_evidence,15,source_plus_molecule_grouped_manual_v1,source:29246303|molecule:siRNA candidate from PMID 29246303,20260602_batch003_manual_benchmark_v1,2026-06-01T23:45:26+00:00
4,offtarget_safety_v0_1,train,offtarget_evidence,8,source_plus_molecule_grouped_manual_v1,source:29459660|molecule:GalNAc-siRNA panel from PMID 29459660,20260602_batch003_manual_benchmark_v1,2026-06-01T23:45:26+00:00
6,offtarget_safety_v0_1,train,offtarget_evidence,7,source_plus_molecule_grouped_manual_v1,source:35736224|molecule:ALN-HBV/ALN-HBV02 GalNAc-siRNA panel from PMID 35736224,20260602_batch003_manual_benchmark_v1,2026-06-01T23:45:26+00:00
7,offtarget_safety_v0_1,train,offtarget_evidence,13,source_plus_molecule_grouped_manual_v1,source:36229039|molecule:ASO candidate from PMID 36229039,20260602_batch003_manual_benchmark_v1,2026-06-01T23:45:26+00:00
8,offtarget_safety_v0_1,train,offtarget_evidence,6,source_plus_molecule_grouped_manual_v1,source:37200862|molecule:DM1 ASO panel from PMID 37200862,20260602_batch003_manual_benchmark_v1,2026-06-01T23:45:26+00:00
10,offtarget_safety_v0_1,train,offtarget_evidence,5,source_plus_molecule_grouped_manual_v1,source:38042877|molecule:PNA-braced ASO panel from PMID 38042877,20260602_batch003_manual_benchmark_v1,2026-06-01T23:45:26+00:00
11,offtarget_safety_v0_1,train,offtarget_evidence,12,source_plus_molecule_grouped_manual_v1,source:41020503|molecule:siRNA candidate from PMID 41020503,20260602_batch003_manual_benchmark_v1,2026-06-01T23:45:26+00:00
12,offtarget_safety_v0_1,train,offtarget_evidence,4,source_plus_molecule_grouped_manual_v1,source:41066632|molecule:APP-AON/ATXN3-AON/HTT-AON panel from PMID 41066632,20260602_batch003_manual_benchmark_v1,2026-06-01T23:45:26+00:00
13,offtarget_safety_v0_1,train,offtarget_evidence,3,source_plus_molecule_grouped_manual_v1,source:41315228|molecule:RGLS4326,20260602_batch003_manual_benchmark_v1,2026-06-01T23:45:26+00:00
14,offtarget_safety_v0_1,train,offtarget_evidence,2,source_plus_molecule_grouped_manual_v1,source:41467115|molecule:siVIM-270 chemical modification panel from PMID 41467115,20260602_batch003_manual_benchmark_v1,2026-06-01T23:45:26+00:00
16,offtarget_safety_v0_1,train,offtarget_evidence,16,source_plus_molecule_grouped_manual_v1,source:41897327|molecule:siRNA candidate from PMID 41897327,20260602_batch003_manual_benchmark_v1,2026-06-01T23:45:26+00:00
17,offtarget_safety_v0_1,train,offtarget_evidence,1,source_plus_molecule_grouped_manual_v1,source:41994868|molecule:SNA-modified GalNAc-siRNA panel from PMID 41994868,20260602_batch003_manual_benchmark_v1,2026-06-01T23:45:26+00:00
18,toxicity_safety_v0_1,test,toxicity_endpoint,243,source_plus_molecule_grouped_manual_v1,source:23952551|molecule:unspecified antisense oligonucleotide,20260602_batch003_manual_benchmark_v1,2026-06-01T23:45:26+00:00
19,toxicity_safety_v0_1,validation,toxicity_endpoint,187,source_plus_molecule_grouped_manual_v1,source:24321374|molecule:drisapersen,20260602_batch003_manual_benchmark_v1,2026-06-01T23:45:26+00:00
20,toxicity_safety_v0_1,train,toxicity_endpoint,188,source_plus_molecule_grouped_manual_v1,source:24405395|molecule:unspecified antisense oligonucleotide,20260602_batch003_manual_benchmark_v1,2026-06-01T23:45:26+00:00
21,toxicity_safety_v0_1,train,toxicity_endpoint,66,source_plus_molecule_grouped_manual_v1,source:24550163|molecule:80,20260602_batch003_manual_benchmark_v1,2026-06-01T23:45:26+00:00
23,toxicity_safety_v0_1,train,toxicity_endpoint,64,source_plus_molecule_grouped_manual_v1,source:26553810|molecule:toxic LNA/MOE gapmer ASO panel from PMID 26553810,20260602_batch003_manual_benchmark_v1,2026-06-01T23:45:26+00:00
24,toxicity_safety_v0_1,train,toxicity_endpoint,65,source_plus_molecule_grouped_manual_v1,source:26964641|molecule:PMO-GF formulation from PMID 26964641,20260602_batch003_manual_benchmark_v1,2026-06-01T23:45:26+00:00
25,toxicity_safety_v0_1,train,toxicity_endpoint,63,source_plus_molecule_grouped_manual_v1,source:27461380|molecule:Acsl1/GR LNA gapmer panel from PMID 27461380,20260602_batch003_manual_benchmark_v1,2026-06-01T23:45:26+00:00
26,toxicity_safety_v0_1,train,toxicity_endpoint,62,source_plus_molecule_grouped_manual_v1,source:28325303|molecule:nephrotoxic AON A/B/C panel from PMID 28325303,20260602_batch003_manual_benchmark_v1,2026-06-01T23:45:26+00:00
27,toxicity_safety_v0_1,train,toxicity_endpoint,184,source_plus_molecule_grouped_manual_v1,source:28633548|molecule:unspecified antisense oligonucleotide,20260602_batch003_manual_benchmark_v1,2026-06-01T23:45:26+00:00
28,toxicity_safety_v0_1,train,toxicity_endpoint,81,source_plus_molecule_grouped_manual_v1,source:28853853|molecule:ASO candidate from PMID 28853853,20260602_batch003_manual_benchmark_v1,2026-06-01T23:45:26+00:00
29,toxicity_safety_v0_1,train,toxicity_endpoint,181,source_plus_molecule_grouped_manual_v1,source:28929521|molecule:radavirsen,20260602_batch003_manual_benchmark_v1,2026-06-01T23:45:26+00:00
30,toxicity_safety_v0_1,train,toxicity_endpoint,60,source_plus_molecule_grouped_manual_v1,source:29459660|molecule:GalNAc-siRNA hepatotoxicity panel with REVERSIR from PMID 29459660,20260602_batch003_manual_benchmark_v1,2026-06-01T23:45:26+00:00
31,toxicity_safety_v0_1,train,toxicity_endpoint,61,source_plus_molecule_grouped_manual_v1,source:29499955|molecule:75,20260602_batch003_manual_benchmark_v1,2026-06-01T23:45:26+00:00
32,toxicity_safety_v0_1,train,toxicity_endpoint,239,source_plus_molecule_grouped_manual_v1,source:29565739|molecule:unspecified antisense oligonucleotide,20260602_batch003_manual_benchmark_v1,2026-06-01T23:45:26+00:00
33,toxicity_safety_v0_1,train,toxicity_endpoint,107,source_plus_molecule_grouped_manual_v1,source:30544191|molecule:siRNA candidate from PMID 30544191,20260602_batch003_manual_benchmark_v1,2026-06-01T23:45:26+00:00
34,toxicity_safety_v0_1,train,toxicity_endpoint,59,source_plus_molecule_grouped_manual_v1,source:30583097|molecule:GalNAc AON-B/D/E panel from PMID 30583097,20260602_batch003_manual_benchmark_v1,2026-06-01T23:45:26+00:00
35,toxicity_safety_v0_1,train,toxicity_endpoint,177,source_plus_molecule_grouped_manual_v1,source:31821125|molecule:Revusiran,20260602_batch003_manual_benchmark_v1,2026-06-01T23:45:26+00:00
36,toxicity_safety_v0_1,train,toxicity_endpoint,58,source_plus_molecule_grouped_manual_v1,source:31881528|molecule:H51(+67)W tcDNA-ASO from PMID 31881528,20260602_batch003_manual_benchmark_v1,2026-06-01T23:45:26+00:00
37,toxicity_safety_v0_1,train,toxicity_endpoint,56,source_plus_molecule_grouped_manual_v1,source:31980820|molecule:stereocontrolled cEt gapmer ASO panel from PMID 31980820,20260602_batch003_manual_benchmark_v1,2026-06-01T23:45:26+00:00
38,toxicity_safety_v0_1,train,toxicity_endpoint,84,source_plus_molecule_grouped_manual_v1,source:32343462|molecule:Inotersen,20260602_batch003_manual_benchmark_v1,2026-06-01T23:45:26+00:00
39,toxicity_safety_v0_1,train,toxicity_endpoint,235,source_plus_molecule_grouped_manual_v1,source:33540294|molecule:unspecified antisense oligonucleotide,20260602_batch003_manual_benchmark_v1,2026-06-01T23:45:26+00:00
40,toxicity_safety_v0_1,train,toxicity_endpoint,105,source_plus_molecule_grouped_manual_v1,source:33567808|molecule:ASO candidate from PMID 33567808,20260602_batch003_manual_benchmark_v1,2026-06-01T23:45:26+00:00
41,toxicity_safety_v0_1,train,toxicity_endpoint,47,source_plus_molecule_grouped_manual_v1,source:33633318|molecule:CYP3A5 PMO/PSO panel from PMID 33633318,20260602_batch003_manual_benchmark_v1,2026-06-01T23:45:26+00:00
42,toxicity_safety_v0_1,train,toxicity_endpoint,176,source_plus_molecule_grouped_manual_v1,source:33801683|molecule:Foxp3,20260602_batch003_manual_benchmark_v1,2026-06-01T23:45:26+00:00
43,toxicity_safety_v0_1,train,toxicity_endpoint,51,source_plus_molecule_grouped_manual_v1,source:33924589|molecule:LNPssPalmO-Phe-ASOap/ASOgr from PMID 33924589,20260602_batch003_manual_benchmark_v1,2026-06-01T23:45:26+00:00
44,toxicity_safety_v0_1,train,toxicity_endpoint,55,source_plus_molecule_grouped_manual_v1,source:33952251|molecule:PM1(GT/siMMP-9) hydrogel from PMID 33952251,20260602_batch003_manual_benchmark_v1,2026-06-01T23:45:26+00:00
45,toxicity_safety_v0_1,train,toxicity_endpoint,174,source_plus_molecule_grouped_manual_v1,source:34042551|molecule:HepG2; LO2,20260602_batch003_manual_benchmark_v1,2026-06-01T23:45:26+00:00
47,toxicity_safety_v0_1,train,toxicity_endpoint,48,source_plus_molecule_grouped_manual_v1,source:34760338|molecule:HsPCSK9-1811-LNA/GalNAc ASO panel from PMID 34760338,20260602_batch003_manual_benchmark_v1,2026-06-01T23:45:26+00:00
48,toxicity_safety_v0_1,train,toxicity_endpoint,192,source_plus_molecule_grouped_manual_v1,source:34788571|molecule:unspecified oligonucleotide,20260602_batch003_manual_benchmark_v1,2026-06-01T23:45:26+00:00
49,toxicity_safety_v0_1,train,toxicity_endpoint,54,source_plus_molecule_grouped_manual_v1,source:34841414|molecule:PMO-P6 conjugate from PMID 34841414,20260602_batch003_manual_benchmark_v1,2026-06-01T23:45:26+00:00
52,toxicity_safety_v0_1,train,toxicity_endpoint,114,source_plus_molecule_grouped_manual_v1,source:35634851|molecule:Viltolarsen,20260602_batch003_manual_benchmark_v1,2026-06-01T23:45:26+00:00
53,toxicity_safety_v0_1,train,toxicity_endpoint,42,source_plus_molecule_grouped_manual_v1,source:35642083|molecule:siLuc-ALC-0315 LNP from PMID 35642083,20260602_batch003_manual_benchmark_v1,2026-06-01T23:45:26+00:00
54,toxicity_safety_v0_1,train,toxicity_endpoint,40,source_plus_molecule_grouped_manual_v1,source:35736224|molecule:ESC+ GalNAc-siRNA D1/D4/D6/D9 panel from PMID 35736224,20260602_batch003_manual_benchmark_v1,2026-06-01T23:45:26+00:00
55,toxicity_safety_v0_1,train,toxicity_endpoint,39,source_plus_molecule_grouped_manual_v1,source:35801870|molecule:TS1-ASO nucleobase modification panel from PMID 35801870,20260602_batch003_manual_benchmark_v1,2026-06-01T23:45:26+00:00
56,toxicity_safety_v0_1,train,toxicity_endpoint,167,source_plus_molecule_grouped_manual_v1,source:35908242|molecule:inotersen,20260602_batch003_manual_benchmark_v1,2026-06-01T23:45:26+00:00
57,toxicity_safety_v0_1,train,toxicity_endpoint,41,source_plus_molecule_grouped_manual_v1,source:35917865|molecule:DLin-MC3-DMA-conjugated siRNA panel from PMID 35917865,20260602_batch003_manual_benchmark_v1,2026-06-01T23:45:26+00:00
58,toxicity_safety_v0_1,train,toxicity_endpoint,106,source_plus_molecule_grouped_manual_v1,source:35992044|molecule:siRNA candidate from PMID 35992044,20260602_batch003_manual_benchmark_v1,2026-06-01T23:45:26+00:00
60,toxicity_safety_v0_1,train,toxicity_endpoint,100,source_plus_molecule_grouped_manual_v1,source:36631935|molecule:ASO candidate from PMID 36631935,20260602_batch003_manual_benchmark_v1,2026-06-01T23:45:26+00:00
61,toxicity_safety_v0_1,train,toxicity_endpoint,35,source_plus_molecule_grouped_manual_v1,source:36632217|molecule:miR-125a-5p agomir from PMID 36632217,20260602_batch003_manual_benchmark_v1,2026-06-01T23:45:26+00:00
62,toxicity_safety_v0_1,train,toxicity_endpoint,38,source_plus_molecule_grouped_manual_v1,source:36700050|molecule:ASO1-ASO3 modified ASO panel from PMID 36700050,20260602_batch003_manual_benchmark_v1,2026-06-01T23:45:26+00:00
63,toxicity_safety_v0_1,train,toxicity_endpoint,113,source_plus_molecule_grouped_manual_v1,source:37005891|molecule:Viltolarsen,20260602_batch003_manual_benchmark_v1,2026-06-01T23:45:26+00:00
64,toxicity_safety_v0_1,train,toxicity_endpoint,37,source_plus_molecule_grouped_manual_v1,source:37016578|molecule:RBCEV-delivered siMstn and siMlycd from PMID 37016578,20260602_batch003_manual_benchmark_v1,2026-06-01T23:45:26+00:00
66,toxicity_safety_v0_1,train,toxicity_endpoint,163,source_plus_molecule_grouped_manual_v1,source:37110552|molecule:unspecified siRNA,20260602_batch003_manual_benchmark_v1,2026-06-01T23:45:26+00:00
67,toxicity_safety_v0_1,train,toxicity_endpoint,230,source_plus_molecule_grouped_manual_v1,source:37111598|molecule:PF4,20260602_batch003_manual_benchmark_v1,2026-06-01T23:45:26+00:00
68,toxicity_safety_v0_1,train,toxicity_endpoint,34,source_plus_molecule_grouped_manual_v1,source:37185731|molecule:OligoA-11/Skeen-11 phosphorothioate oligonucleotide panel from PMID 37185731,20260602_batch003_manual_benchmark_v1,2026-06-01T23:45:26+00:00
69,toxicity_safety_v0_1,train,toxicity_endpoint,229,source_plus_molecule_grouped_manual_v1,source:37252442|molecule:inclisiran,20260602_batch003_manual_benchmark_v1,2026-06-01T23:45:26+00:00
70,toxicity_safety_v0_1,train,toxicity_endpoint,101,source_plus_molecule_grouped_manual_v1,source:37346977|molecule:ASO candidate from PMID 37346977,20260602_batch003_manual_benchmark_v1,2026-06-01T23:45:26+00:00
71,toxicity_safety_v0_1,train,toxicity_endpoint,79,source_plus_molecule_grouped_manual_v1,source:37365583|molecule:ASO candidate from PMID 37365583,20260602_batch003_manual_benchmark_v1,2026-06-01T23:45:26+00:00
72,toxicity_safety_v0_1,train,toxicity_endpoint,36,source_plus_molecule_grouped_manual_v1,source:37680985|molecule:CLCN7G215R-siRNA-SiS12 formulation from PMID 37680985,20260602_batch003_manual_benchmark_v1,2026-06-01T23:45:26+00:00
73,toxicity_safety_v0_1,train,toxicity_endpoint,116,source_plus_molecule_grouped_manual_v1,source:37850379|molecule:Inclisiran,20260602_batch003_manual_benchmark_v1,2026-06-01T23:45:26+00:00
74,toxicity_safety_v0_1,train,toxicity_endpoint,159,source_plus_molecule_grouped_manual_v1,source:37920238|molecule:ASO candidate from PMID 37920238,20260602_batch003_manual_benchmark_v1,2026-06-01T23:45:26+00:00
75,toxicity_safety_v0_1,train,toxicity_endpoint,99,source_plus_molecule_grouped_manual_v1,source:38089931|molecule:siRNA candidate from PMID 38089931,20260602_batch003_manual_benchmark_v1,2026-06-01T23:45:26+00:00
76,toxicity_safety_v0_1,train,toxicity_endpoint,102,source_plus_molecule_grouped_manual_v1,source:38168301|molecule:siRNA candidate from PMID 38168301,20260602_batch003_manual_benchmark_v1,2026-06-01T23:45:26+00:00
77,toxicity_safety_v0_1,train,toxicity_endpoint,154,source_plus_molecule_grouped_manual_v1,source:38220186|molecule:Inclisiran,20260602_batch003_manual_benchmark_v1,2026-06-01T23:45:26+00:00
78,toxicity_safety_v0_1,train,toxicity_endpoint,151,source_plus_molecule_grouped_manual_v1,source:38271438|molecule:ASO/siRNA mixed context candidate from PMID 38271438,20260602_batch003_manual_benchmark_v1,2026-06-01T23:45:26+00:00
79,toxicity_safety_v0_1,train,toxicity_endpoint,244,source_plus_molecule_grouped_manual_v1,source:38361750|molecule:nusinersen,20260602_batch003_manual_benchmark_v1,2026-06-01T23:45:26+00:00
80,toxicity_safety_v0_1,train,toxicity_endpoint,78,source_plus_molecule_grouped_manual_v1,source:38371290|molecule:Inclisiran,20260602_batch003_manual_benchmark_v1,2026-06-01T23:45:26+00:00
81,toxicity_safety_v0_1,train,toxicity_endpoint,28,source_plus_molecule_grouped_manual_v1,source:38573183|molecule:CT102,20260602_batch003_manual_benchmark_v1,2026-06-01T23:45:26+00:00
82,toxicity_safety_v0_1,train,toxicity_endpoint,111,source_plus_molecule_grouped_manual_v1,source:38707801|molecule:Nedosiran,20260602_batch003_manual_benchmark_v1,2026-06-01T23:45:26+00:00
84,toxicity_safety_v0_1,train,toxicity_endpoint,24,source_plus_molecule_grouped_manual_v1,source:38978695|molecule:G-clamp/BNAP-AEO modified Malat1 ASO panel from PMID 38978695,20260602_batch003_manual_benchmark_v1,2026-06-01T23:45:26+00:00
85,toxicity_safety_v0_1,train,toxicity_endpoint,112,source_plus_molecule_grouped_manual_v1,source:39252874|molecule:DNA/RNA heteroduplex oligonucleotide candidate from PMID 39252874,20260602_batch003_manual_benchmark_v1,2026-06-01T23:45:26+00:00
86,toxicity_safety_v0_1,train,toxicity_endpoint,96,source_plus_molecule_grouped_manual_v1,source:39259836|molecule:Angptl4-targeting ASO from PMID 39259836,20260602_batch003_manual_benchmark_v1,2026-06-01T23:45:26+00:00
87,toxicity_safety_v0_1,train,toxicity_endpoint,27,source_plus_molecule_grouped_manual_v1,source:39264964|molecule:LNP-siTGFbetaRI from PMID 39264964,20260602_batch003_manual_benchmark_v1,2026-06-01T23:45:26+00:00
88,toxicity_safety_v0_1,train,toxicity_endpoint,150,source_plus_molecule_grouped_manual_v1,source:39363329|molecule:Olezarsen,20260602_batch003_manual_benchmark_v1,2026-06-01T23:45:26+00:00
89,toxicity_safety_v0_1,train,toxicity_endpoint,23,source_plus_molecule_grouped_manual_v1,source:39448881|molecule:BSCgal gold-siRNA supracluster from PMID 39448881,20260602_batch003_manual_benchmark_v1,2026-06-01T23:45:26+00:00
91,toxicity_safety_v0_1,train,toxicity_endpoint,25,source_plus_molecule_grouped_manual_v1,source:39554992|molecule:aCSF+-formulated CNS ASO/di-siRNA panel from PMID 39554992,20260602_batch003_manual_benchmark_v1,2026-06-01T23:45:26+00:00
92,toxicity_safety_v0_1,train,toxicity_endpoint,97,source_plus_molecule_grouped_manual_v1,source:39606561|molecule:siRNA candidate from PMID 39606561,20260602_batch003_manual_benchmark_v1,2026-06-01T23:45:26+00:00
93,toxicity_safety_v0_1,train,toxicity_endpoint,136,source_plus_molecule_grouped_manual_v1,source:39642315|molecule:Fitusiran,20260602_batch003_manual_benchmark_v1,2026-06-01T23:45:26+00:00
94,toxicity_safety_v0_1,train,toxicity_endpoint,88,source_plus_molecule_grouped_manual_v1,source:39850319|molecule:ASO candidate from PMID 39850319,20260602_batch003_manual_benchmark_v1,2026-06-01T23:45:26+00:00
95,toxicity_safety_v0_1,train,toxicity_endpoint,110,source_plus_molecule_grouped_manual_v1,source:39875734|molecule:Nedosiran,20260602_batch003_manual_benchmark_v1,2026-06-01T23:45:26+00:00
96,toxicity_safety_v0_1,train,toxicity_endpoint,147,source_plus_molecule_grouped_manual_v1,source:40011938|molecule:Nusinersen,20260602_batch003_manual_benchmark_v1,2026-06-01T23:45:26+00:00
97,toxicity_safety_v0_1,train,toxicity_endpoint,21,source_plus_molecule_grouped_manual_v1,source:40046817|molecule:hEV@FAP-siTGFbeta1 from PMID 40046817,20260602_batch003_manual_benchmark_v1,2026-06-01T23:45:26+00:00
98,toxicity_safety_v0_1,train,toxicity_endpoint,210,source_plus_molecule_grouped_manual_v1,source:40053895|molecule:fitusiran,20260602_batch003_manual_benchmark_v1,2026-06-01T23:45:26+00:00
99,toxicity_safety_v0_1,train,toxicity_endpoint,13,source_plus_molecule_grouped_manual_v1,source:40116355|molecule:SNS812,20260602_batch003_manual_benchmark_v1,2026-06-01T23:45:26+00:00
101,toxicity_safety_v0_1,train,toxicity_endpoint,9,source_plus_molecule_grouped_manual_v1,source:40160160|molecule:LEM-S401,20260602_batch003_manual_benchmark_v1,2026-06-01T23:45:26+00:00
102,toxicity_safety_v0_1,train,toxicity_endpoint,8,source_plus_molecule_grouped_manual_v1,source:40178922|molecule:anti-miR-21-SNA,20260602_batch003_manual_benchmark_v1,2026-06-01T23:45:26+00:00
103,toxicity_safety_v0_1,train,toxicity_endpoint,90,source_plus_molecule_grouped_manual_v1,source:40214214|molecule:TLR9-targeted; STAT3; PD1-targeting ASO from PMID 40214214,20260602_batch003_manual_benchmark_v1,2026-06-01T23:45:26+00:00
104,toxicity_safety_v0_1,train,toxicity_endpoint,89,source_plus_molecule_grouped_manual_v1,source:40243849|molecule:ASO candidate from PMID 40243849,20260602_batch003_manual_benchmark_v1,2026-06-01T23:45:26+00:00
105,toxicity_safety_v0_1,train,toxicity_endpoint,209,source_plus_molecule_grouped_manual_v1,source:40312531|molecule:givosiran,20260602_batch003_manual_benchmark_v1,2026-06-01T23:45:26+00:00
106,toxicity_safety_v0_1,train,toxicity_endpoint,95,source_plus_molecule_grouped_manual_v1,source:40380202|molecule:siRNA candidate from PMID 40380202,20260602_batch003_manual_benchmark_v1,2026-06-01T23:45:26+00:00
108,toxicity_safety_v0_1,train,toxicity_endpoint,76,source_plus_molecule_grouped_manual_v1,source:40503175|molecule:siRNA candidate from PMID 40503175,20260602_batch003_manual_benchmark_v1,2026-06-01T23:45:26+00:00
109,toxicity_safety_v0_1,train,toxicity_endpoint,19,source_plus_molecule_grouped_manual_v1,source:40688667|molecule:EM/siKEAP1@Fe-MOF@HA from PMID 40688667,20260602_batch003_manual_benchmark_v1,2026-06-01T23:45:26+00:00
110,toxicity_safety_v0_1,train,toxicity_endpoint,70,source_plus_molecule_grouped_manual_v1,source:40692538|molecule:siRNA candidate from PMID 40692538,20260602_batch003_manual_benchmark_v1,2026-06-01T23:45:26+00:00
111,toxicity_safety_v0_1,train,toxicity_endpoint,72,source_plus_molecule_grouped_manual_v1,source:40825982|molecule:siRNA candidate from PMID 40825982,20260602_batch003_manual_benchmark_v1,2026-06-01T23:45:26+00:00
112,toxicity_safety_v0_1,train,toxicity_endpoint,22,source_plus_molecule_grouped_manual_v1,source:40896585|molecule:siAURKA-loaded milk extracellular vesicles from PMID 40896585,20260602_batch003_manual_benchmark_v1,2026-06-01T23:45:26+00:00
113,toxicity_safety_v0_1,train,toxicity_endpoint,17,source_plus_molecule_grouped_manual_v1,source:40898177|molecule:scFv-MML@LPCAT1si from PMID 40898177,20260602_batch003_manual_benchmark_v1,2026-06-01T23:45:26+00:00
114,toxicity_safety_v0_1,train,toxicity_endpoint,16,source_plus_molecule_grouped_manual_v1,source:40919077|molecule:JNJ-3989/JNJ-73763989 GalNAc-siRNA regimen from PMID 40919077,20260602_batch003_manual_benchmark_v1,2026-06-01T23:45:26+00:00
115,toxicity_safety_v0_1,train,toxicity_endpoint,94,source_plus_molecule_grouped_manual_v1,source:40977834|molecule:CD11b-modified-targeting siRNA from PMID 40977834,20260602_batch003_manual_benchmark_v1,2026-06-01T23:45:26+00:00
116,toxicity_safety_v0_1,train,toxicity_endpoint,68,source_plus_molecule_grouped_manual_v1,source:41076269|molecule:siRNA candidate from PMID 41076269,20260602_batch003_manual_benchmark_v1,2026-06-01T23:45:26+00:00
117,toxicity_safety_v0_1,train,toxicity_endpoint,71,source_plus_molecule_grouped_manual_v1,source:41094680|molecule:Plozasiran,20260602_batch003_manual_benchmark_v1,2026-06-01T23:45:26+00:00
119,toxicity_safety_v0_1,train,toxicity_endpoint,12,source_plus_molecule_grouped_manual_v1,source:41315228|molecule:RGLS4326 anti-miR-17 ASO,20260602_batch003_manual_benchmark_v1,2026-06-01T23:45:26+00:00
120,toxicity_safety_v0_1,train,toxicity_endpoint,93,source_plus_molecule_grouped_manual_v1,source:41360814|molecule:siRNA candidate from PMID 41360814,20260602_batch003_manual_benchmark_v1,2026-06-01T23:45:26+00:00
122,toxicity_safety_v0_1,train,toxicity_endpoint,6,source_plus_molecule_grouped_manual_v1,source:41446212|molecule:L2-Htt,20260602_batch003_manual_benchmark_v1,2026-06-01T23:45:26+00:00
123,toxicity_safety_v0_1,train,toxicity_endpoint,4,source_plus_molecule_grouped_manual_v1,source:41467114|molecule:17,20260602_batch003_manual_benchmark_v1,2026-06-01T23:45:26+00:00
124,toxicity_safety_v0_1,train,toxicity_endpoint,5,source_plus_molecule_grouped_manual_v1,source:41480638|molecule:BND6482,20260602_batch003_manual_benchmark_v1,2026-06-01T23:45:26+00:00
127,toxicity_safety_v0_1,train,toxicity_endpoint,69,source_plus_molecule_grouped_manual_v1,source:41716677|molecule:siRNA candidate from PMID 41716677,20260602_batch003_manual_benchmark_v1,2026-06-01T23:45:26+00:00
128,toxicity_safety_v0_1,train,toxicity_endpoint,1,source_plus_molecule_grouped_manual_v1,source:41760661|molecule:phosphorothioate ASO panel from PMID 41760661,20260602_batch003_manual_benchmark_v1,2026-06-01T23:45:26+00:00
129,toxicity_safety_v0_1,train,toxicity_endpoint,194,source_plus_molecule_grouped_manual_v1,source:41907143|molecule:MC3-based,20260602_batch003_manual_benchmark_v1,2026-06-01T23:45:26+00:00
130,toxicity_safety_v0_1,train,toxicity_endpoint,2,source_plus_molecule_grouped_manual_v1,source:41918821|molecule:tool ASO safety panel from PMID 41918821,20260602_batch003_manual_benchmark_v1,2026-06-01T23:45:26+00:00
131,toxicity_safety_v0_1,train,toxicity_endpoint,10,source_plus_molecule_grouped_manual_v1,source:41928909|molecule:hypoxanthine-substituted LNA-gapmer ASO1 panel from PMID 41928909,20260602_batch003_manual_benchmark_v1,2026-06-01T23:45:26+00:00
132,toxicity_safety_v0_1,train,toxicity_endpoint,117,source_plus_molecule_grouped_manual_v1,source:41949334|molecule:siRNA candidate from PMID 41949334,20260602_batch003_manual_benchmark_v1,2026-06-01T23:45:26+00:00
134,toxicity_safety_v0_1,train,toxicity_endpoint,85,source_plus_molecule_grouped_manual_v1,source:41978261|molecule:ASO candidate from PMID 41978261,20260602_batch003_manual_benchmark_v1,2026-06-01T23:45:26+00:00
135,toxicity_safety_v0_1,train,toxicity_endpoint,86,source_plus_molecule_grouped_manual_v1,source:42052104|molecule:SRN001,20260602_batch003_manual_benchmark_v1,2026-06-01T23:45:26+00:00
137,toxicity_safety_v0_1,train,toxicity_endpoint,414,source_plus_molecule_grouped_manual_v1,source:40391436|molecule:Inclisiran,20260602_batch004_007_manual_benchmark_v1,2026-06-02T12:33:41+00:00
138,toxicity_safety_v0_1,test,toxicity_endpoint,416,source_plus_molecule_grouped_manual_v1,source:39060346|molecule:Nusinersen,20260602_batch004_007_manual_benchmark_v1,2026-06-02T12:33:41+00:00
139,toxicity_safety_v0_1,train,toxicity_endpoint,417,source_plus_molecule_grouped_manual_v1,source:36550348|molecule:Inclisiran,20260602_batch004_007_manual_benchmark_v1,2026-06-02T12:33:41+00:00
140,toxicity_safety_v0_1,test,toxicity_endpoint,418,source_plus_molecule_grouped_manual_v1,source:25155593|molecule:AVI-6002/AVI-6003 PMOplus,20260602_batch004_007_manual_benchmark_v1,2026-06-02T12:33:41+00:00
141,toxicity_safety_v0_1,train,toxicity_endpoint,419,source_plus_molecule_grouped_manual_v1,source:41494985|molecule:phosphorothioate ASO panel,20260602_batch004_007_manual_benchmark_v1,2026-06-02T12:33:41+00:00
142,toxicity_safety_v0_1,train,toxicity_endpoint,421,source_plus_molecule_grouped_manual_v1,source:41923247|molecule:TET3 siRNA lipid nanoparticles,20260602_batch004_007_manual_benchmark_v1,2026-06-02T12:33:41+00:00
144,toxicity_safety_v0_1,train,toxicity_endpoint,424,source_plus_molecule_grouped_manual_v1,source:41776767|molecule:FW-LP@siIRF5,20260602_batch004_007_manual_benchmark_v1,2026-06-02T12:33:41+00:00
145,toxicity_safety_v0_1,train,toxicity_endpoint,425,source_plus_molecule_grouped_manual_v1,source:41634015|molecule:DCA-JAK13033 siRNA,20260602_batch004_007_manual_benchmark_v1,2026-06-02T12:33:41+00:00
146,toxicity_safety_v0_1,validation,toxicity_endpoint,426,source_plus_molecule_grouped_manual_v1,source:41274361|molecule:siRNA nanocarriers/lipoplexes,20260602_batch004_007_manual_benchmark_v1,2026-06-02T12:33:41+00:00
147,toxicity_safety_v0_1,train,toxicity_endpoint,427,source_plus_molecule_grouped_manual_v1,source:41815210|molecule:DP-EVs/siPD-L1,20260602_batch004_007_manual_benchmark_v1,2026-06-02T12:33:41+00:00
148,toxicity_safety_v0_1,validation,toxicity_endpoint,432,source_plus_molecule_grouped_manual_v1,source:41647289|molecule:siRNA-loaded CaP-NP/cGM formulation,20260602_batch004_007_manual_benchmark_v1,2026-06-02T12:33:41+00:00
150,toxicity_safety_v0_1,train,toxicity_endpoint,436,source_plus_molecule_grouped_manual_v1,source:41491215|molecule:siRNA@VG-Exos,20260602_batch004_007_manual_benchmark_v1,2026-06-02T12:33:41+00:00
151,toxicity_safety_v0_1,train,toxicity_endpoint,437,source_plus_molecule_grouped_manual_v1,source:41565615|molecule:LNP-SNORA49 RNA/SOX9 ASO,20260602_batch004_007_manual_benchmark_v1,2026-06-02T12:33:41+00:00
152,toxicity_safety_v0_1,train,toxicity_endpoint,439,source_plus_molecule_grouped_manual_v1,source:41560785|molecule:pMSNC@ISG15 siRNA,20260602_batch004_007_manual_benchmark_v1,2026-06-02T12:33:41+00:00
153,toxicity_safety_v0_1,train,toxicity_endpoint,440,source_plus_molecule_grouped_manual_v1,source:41500988|molecule:SANG-siRNA,20260602_batch004_007_manual_benchmark_v1,2026-06-02T12:33:41+00:00
154,toxicity_safety_v0_1,train,toxicity_endpoint,441,source_plus_molecule_grouped_manual_v1,source:41282509|molecule:cationic/anionic siRNA lipoplexes,20260602_batch004_007_manual_benchmark_v1,2026-06-02T12:33:41+00:00
155,toxicity_safety_v0_1,train,toxicity_endpoint,442,source_plus_molecule_grouped_manual_v1,source:40101742|molecule:ISIS 405879,20260602_batch004_007_manual_benchmark_v1,2026-06-02T12:33:41+00:00
156,toxicity_safety_v0_1,test,toxicity_endpoint,448,source_plus_molecule_grouped_hash_v1,source:9935|molecule:404,release_scale_review_batch008_manual_benchmark_v1,2026-06-02T14:37:29+00:00
157,toxicity_safety_v0_1,test,toxicity_endpoint,449,source_plus_molecule_grouped_hash_v1,source:9961|molecule:405,release_scale_review_batch008_manual_benchmark_v1,2026-06-02T14:37:29+00:00
158,toxicity_safety_v0_1,train,toxicity_endpoint,450,source_plus_molecule_grouped_hash_v1,source:12938|molecule:406,release_scale_review_batch008_manual_benchmark_v1,2026-06-02T14:37:29+00:00
159,toxicity_safety_v0_1,train,toxicity_endpoint,451,source_plus_molecule_grouped_hash_v1,source:13359|molecule:407,release_scale_review_batch008_manual_benchmark_v1,2026-06-02T14:37:29+00:00
160,toxicity_safety_v0_1,validation,toxicity_endpoint,452,source_plus_molecule_grouped_hash_v1,source:2577|molecule:408,release_scale_review_batch008_manual_benchmark_v1,2026-06-02T14:37:29+00:00
161,toxicity_safety_v0_1,test,toxicity_endpoint,453,source_plus_molecule_grouped_hash_v1,source:2614|molecule:409,release_scale_review_batch008_manual_benchmark_v1,2026-06-02T14:37:29+00:00
162,toxicity_safety_v0_1,train,toxicity_endpoint,454,source_plus_molecule_grouped_hash_v1,source:10973|molecule:410,release_scale_review_batch008_manual_benchmark_v1,2026-06-02T14:37:29+00:00
163,toxicity_safety_v0_1,train,toxicity_endpoint,455,source_plus_molecule_grouped_hash_v1,source:12161|molecule:411,release_scale_review_batch008_manual_benchmark_v1,2026-06-02T14:37:29+00:00
164,toxicity_safety_v0_1,train,toxicity_endpoint,456,source_plus_molecule_grouped_hash_v1,source:12475|molecule:412,release_scale_review_batch008_manual_benchmark_v1,2026-06-02T14:37:29+00:00
165,toxicity_safety_v0_1,train,toxicity_endpoint,457,source_plus_molecule_grouped_hash_v1,source:12485|molecule:413,release_scale_review_batch008_manual_benchmark_v1,2026-06-02T14:37:29+00:00
166,toxicity_safety_v0_1,train,toxicity_endpoint,459,source_plus_molecule_grouped_hash_v1,source:4035|molecule:415,release_scale_review_batch008_manual_benchmark_v1,2026-06-02T14:37:29+00:00
167,toxicity_safety_v0_1,test,toxicity_endpoint,460,source_plus_molecule_grouped_hash_v1,source:12511|molecule:416,release_scale_review_batch008_manual_benchmark_v1,2026-06-02T14:37:29+00:00
168,toxicity_safety_v0_1,train,toxicity_endpoint,461,source_plus_molecule_grouped_hash_v1,source:12533|molecule:417,release_scale_review_batch008_manual_benchmark_v1,2026-06-02T14:37:29+00:00
169,toxicity_safety_v0_1,train,toxicity_endpoint,462,source_plus_molecule_grouped_hash_v1,source:12545|molecule:418,release_scale_review_batch008_manual_benchmark_v1,2026-06-02T14:37:29+00:00
170,toxicity_safety_v0_1,test,toxicity_endpoint,463,source_plus_molecule_grouped_hash_v1,source:4114|molecule:419,release_scale_review_batch008_manual_benchmark_v1,2026-06-02T14:37:29+00:00
172,toxicity_safety_v0_1,train,toxicity_endpoint,465,source_plus_molecule_grouped_hash_v1,source:4197|molecule:421,release_scale_review_batch008_manual_benchmark_v1,2026-06-02T14:37:29+00:00
175,toxicity_safety_v0_1,train,toxicity_endpoint,470,source_plus_molecule_grouped_hash_v1,source:12658|molecule:426,release_scale_review_batch008_manual_benchmark_v1,2026-06-02T14:37:29+00:00
178,offtarget_safety_v0_1,train,offtarget_evidence,59,source_plus_molecule_grouped_hash_v1,source:1824|molecule:989,release_scale_review_batch009_mega_fast_manual_benchmark_v1,2026-06-02T15:59:55+00:00
179,offtarget_safety_v0_1,test,offtarget_evidence,60,source_plus_molecule_grouped_hash_v1,source:9324|molecule:434,release_scale_review_batch009_mega_fast_manual_benchmark_v1,2026-06-02T15:59:55+00:00
181,offtarget_safety_v0_1,train,offtarget_evidence,62,source_plus_molecule_grouped_hash_v1,source:2309|molecule:435,release_scale_review_batch009_mega_fast_manual_benchmark_v1,2026-06-02T15:59:55+00:00
182,offtarget_safety_v0_1,train,offtarget_evidence,63,source_plus_molecule_grouped_hash_v1,source:12558|molecule:435,release_scale_review_batch009_mega_fast_manual_benchmark_v1,2026-06-02T15:59:55+00:00
183,offtarget_safety_v0_1,train,offtarget_evidence,64,source_plus_molecule_grouped_hash_v1,source:4213|molecule:990,release_scale_review_batch009_mega_fast_manual_benchmark_v1,2026-06-02T15:59:55+00:00
184,offtarget_safety_v0_1,train,offtarget_evidence,65,source_plus_molecule_grouped_hash_v1,source:2060|molecule:991,release_scale_review_batch009_mega_fast_manual_benchmark_v1,2026-06-02T15:59:55+00:00
185,offtarget_safety_v0_1,train,offtarget_evidence,66,source_plus_molecule_grouped_hash_v1,source:2064|molecule:992,release_scale_review_batch009_mega_fast_manual_benchmark_v1,2026-06-02T15:59:55+00:00
186,offtarget_safety_v0_1,train,offtarget_evidence,67,source_plus_molecule_grouped_hash_v1,source:2062|molecule:438,release_scale_review_batch009_mega_fast_manual_benchmark_v1,2026-06-02T15:59:55+00:00
188,offtarget_safety_v0_1,train,offtarget_evidence,78,source_plus_molecule_grouped_hash_v1,source:1035|molecule:986,release_scale_review_batch009_mega_fast_manual_benchmark_v1,2026-06-02T15:59:55+00:00
191,offtarget_safety_v0_1,validation,offtarget_evidence,82,source_plus_molecule_grouped_hash_v1,source:1732|molecule:993,release_scale_review_batch009_mega_fast_manual_benchmark_v1,2026-06-02T15:59:55+00:00
200,offtarget_safety_v0_1,train,offtarget_evidence,91,source_plus_molecule_grouped_hash_v1,source:3301|molecule:994,release_scale_review_batch009_mega_fast_manual_benchmark_v1,2026-06-02T15:59:55+00:00
216,offtarget_safety_v0_1,train,offtarget_evidence,113,source_plus_molecule_grouped_hash_v1,source:1477|molecule:995,release_scale_review_batch009_mega_fast_manual_benchmark_v1,2026-06-02T15:59:55+00:00
218,offtarget_safety_v0_1,test,offtarget_evidence,115,source_plus_molecule_grouped_hash_v1,source:1788|molecule:435,release_scale_review_batch009_mega_fast_manual_benchmark_v1,2026-06-02T15:59:55+00:00
219,offtarget_safety_v0_1,train,offtarget_evidence,116,source_plus_molecule_grouped_hash_v1,source:1789|molecule:996,release_scale_review_batch009_mega_fast_manual_benchmark_v1,2026-06-02T15:59:55+00:00
228,offtarget_safety_v0_1,test,offtarget_evidence,135,source_plus_molecule_grouped_hash_v1,source:8415|molecule:468,release_scale_review_batch009_mega_fast_manual_benchmark_v1,2026-06-02T15:59:55+00:00
236,offtarget_safety_v0_1,train,offtarget_evidence,144,source_plus_molecule_grouped_hash_v1,source:9881|molecule:1064,release_scale_review_batch009_mega_fast_manual_benchmark_v1,2026-06-02T15:59:55+00:00
244,offtarget_safety_v0_1,validation,offtarget_evidence,157,source_plus_molecule_grouped_hash_v1,source:1592|molecule:997,release_scale_review_batch009_mega_fast_manual_benchmark_v1,2026-06-02T15:59:55+00:00
248,offtarget_safety_v0_1,validation,offtarget_evidence,164,source_plus_molecule_grouped_hash_v1,source:10539|molecule:998,release_scale_review_batch009_mega_fast_manual_benchmark_v1,2026-06-02T15:59:55+00:00
266,offtarget_safety_v0_1,train,offtarget_evidence,188,source_plus_molecule_grouped_hash_v1,source:14112|molecule:999,release_scale_review_batch009_mega_fast_manual_benchmark_v1,2026-06-02T15:59:55+00:00
268,offtarget_safety_v0_1,train,offtarget_evidence,190,source_plus_molecule_grouped_hash_v1,source:14301|molecule:1000,release_scale_review_batch009_mega_fast_manual_benchmark_v1,2026-06-02T15:59:55+00:00
270,offtarget_safety_v0_1,train,offtarget_evidence,193,source_plus_molecule_grouped_hash_v1,source:2253|molecule:1001,release_scale_review_batch009_mega_fast_manual_benchmark_v1,2026-06-02T15:59:55+00:00
281,offtarget_safety_v0_1,train,offtarget_evidence,207,source_plus_molecule_grouped_hash_v1,source:2770|molecule:1002,release_scale_review_batch009_mega_fast_manual_benchmark_v1,2026-06-02T15:59:55+00:00
291,offtarget_safety_v0_1,train,offtarget_evidence,217,source_plus_molecule_grouped_hash_v1,source:12621|molecule:986,release_scale_review_batch009_mega_fast_manual_benchmark_v1,2026-06-02T15:59:55+00:00
294,offtarget_safety_v0_1,train,offtarget_evidence,220,source_plus_molecule_grouped_hash_v1,source:2061|molecule:1003,release_scale_review_batch009_mega_fast_manual_benchmark_v1,2026-06-02T15:59:55+00:00
296,offtarget_safety_v0_1,test,offtarget_evidence,222,source_plus_molecule_grouped_hash_v1,source:15206|molecule:1004,release_scale_review_batch009_mega_fast_manual_benchmark_v1,2026-06-02T15:59:55+00:00
300,toxicity_safety_v0_1,train,toxicity_endpoint,475,source_plus_molecule_grouped_hash_v1,source:1055|molecule:494,release_scale_review_batch009_mega_fast_manual_benchmark_v1,2026-06-02T15:59:55+00:00
301,toxicity_safety_v0_1,train,toxicity_endpoint,476,source_plus_molecule_grouped_hash_v1,source:1058|molecule:1005,release_scale_review_batch009_mega_fast_manual_benchmark_v1,2026-06-02T15:59:55+00:00
302,toxicity_safety_v0_1,validation,toxicity_endpoint,477,source_plus_molecule_grouped_hash_v1,source:1062|molecule:1006,release_scale_review_batch009_mega_fast_manual_benchmark_v1,2026-06-02T15:59:55+00:00
303,toxicity_safety_v0_1,train,toxicity_endpoint,478,source_plus_molecule_grouped_hash_v1,source:1185|molecule:1007,release_scale_review_batch009_mega_fast_manual_benchmark_v1,2026-06-02T15:59:55+00:00
304,toxicity_safety_v0_1,validation,toxicity_endpoint,479,source_plus_molecule_grouped_hash_v1,source:1193|molecule:507,release_scale_review_batch009_mega_fast_manual_benchmark_v1,2026-06-02T15:59:55+00:00
305,toxicity_safety_v0_1,train,toxicity_endpoint,480,source_plus_molecule_grouped_hash_v1,source:1210|molecule:508,release_scale_review_batch009_mega_fast_manual_benchmark_v1,2026-06-02T15:59:55+00:00
306,toxicity_safety_v0_1,train,toxicity_endpoint,481,source_plus_molecule_grouped_hash_v1,source:1368|molecule:1008,release_scale_review_batch009_mega_fast_manual_benchmark_v1,2026-06-02T15:59:55+00:00
307,toxicity_safety_v0_1,train,toxicity_endpoint,483,source_plus_molecule_grouped_hash_v1,source:2412|molecule:985,release_scale_review_batch009_mega_fast_manual_benchmark_v1,2026-06-02T15:59:55+00:00
309,toxicity_safety_v0_1,train,toxicity_endpoint,485,source_plus_molecule_grouped_hash_v1,source:3294|molecule:985,release_scale_review_batch009_mega_fast_manual_benchmark_v1,2026-06-02T15:59:55+00:00
315,toxicity_safety_v0_1,train,toxicity_endpoint,492,source_plus_molecule_grouped_hash_v1,source:5375|molecule:1009,release_scale_review_batch009_mega_fast_manual_benchmark_v1,2026-06-02T15:59:55+00:00
322,toxicity_safety_v0_1,train,toxicity_endpoint,499,source_plus_molecule_grouped_hash_v1,source:6390|molecule:514,release_scale_review_batch009_mega_fast_manual_benchmark_v1,2026-06-02T15:59:55+00:00
323,toxicity_safety_v0_1,train,toxicity_endpoint,500,source_plus_molecule_grouped_hash_v1,source:6475|molecule:1010,release_scale_review_batch009_mega_fast_manual_benchmark_v1,2026-06-02T15:59:55+00:00
329,toxicity_safety_v0_1,train,toxicity_endpoint,511,source_plus_molecule_grouped_hash_v1,source:7336|molecule:985,release_scale_review_batch009_mega_fast_manual_benchmark_v1,2026-06-02T15:59:55+00:00
330,toxicity_safety_v0_1,train,toxicity_endpoint,512,source_plus_molecule_grouped_hash_v1,source:1013|molecule:1066,release_scale_review_batch009_mega_fast_manual_benchmark_v1,2026-06-02T15:59:55+00:00
331,toxicity_safety_v0_1,train,toxicity_endpoint,513,source_plus_molecule_grouped_hash_v1,source:1020|molecule:1011,release_scale_review_batch009_mega_fast_manual_benchmark_v1,2026-06-02T15:59:55+00:00
332,toxicity_safety_v0_1,train,toxicity_endpoint,514,source_plus_molecule_grouped_hash_v1,source:1233|molecule:986,release_scale_review_batch009_mega_fast_manual_benchmark_v1,2026-06-02T15:59:55+00:00
334,toxicity_safety_v0_1,train,toxicity_endpoint,516,source_plus_molecule_grouped_hash_v1,source:1254|molecule:521,release_scale_review_batch009_mega_fast_manual_benchmark_v1,2026-06-02T15:59:55+00:00
335,toxicity_safety_v0_1,train,toxicity_endpoint,517,source_plus_molecule_grouped_hash_v1,source:1256|molecule:299,release_scale_review_batch009_mega_fast_manual_benchmark_v1,2026-06-02T15:59:55+00:00
336,toxicity_safety_v0_1,train,toxicity_endpoint,518,source_plus_molecule_grouped_hash_v1,source:1270|molecule:522,release_scale_review_batch009_mega_fast_manual_benchmark_v1,2026-06-02T15:59:55+00:00
338,toxicity_safety_v0_1,train,toxicity_endpoint,520,source_plus_molecule_grouped_hash_v1,source:1783|molecule:1012,release_scale_review_batch009_mega_fast_manual_benchmark_v1,2026-06-02T15:59:55+00:00
340,toxicity_safety_v0_1,train,toxicity_endpoint,522,source_plus_molecule_grouped_hash_v1,source:1803|molecule:1013,release_scale_review_batch009_mega_fast_manual_benchmark_v1,2026-06-02T15:59:55+00:00
345,toxicity_safety_v0_1,train,toxicity_endpoint,527,source_plus_molecule_grouped_hash_v1,source:2535|molecule:1067,release_scale_review_batch009_mega_fast_manual_benchmark_v1,2026-06-02T15:59:55+00:00
346,toxicity_safety_v0_1,test,toxicity_endpoint,529,source_plus_molecule_grouped_hash_v1,source:3402|molecule:1014,release_scale_review_batch009_mega_fast_manual_benchmark_v1,2026-06-02T15:59:55+00:00
347,toxicity_safety_v0_1,train,toxicity_endpoint,530,source_plus_molecule_grouped_hash_v1,source:3407|molecule:435,release_scale_review_batch009_mega_fast_manual_benchmark_v1,2026-06-02T15:59:55+00:00
348,toxicity_safety_v0_1,train,toxicity_endpoint,531,source_plus_molecule_grouped_hash_v1,source:3426|molecule:525,release_scale_review_batch009_mega_fast_manual_benchmark_v1,2026-06-02T15:59:55+00:00
350,toxicity_safety_v0_1,validation,toxicity_endpoint,533,source_plus_molecule_grouped_hash_v1,source:3472|molecule:1015,release_scale_review_batch009_mega_fast_manual_benchmark_v1,2026-06-02T15:59:55+00:00
355,toxicity_safety_v0_1,train,toxicity_endpoint,538,source_plus_molecule_grouped_hash_v1,source:3573|molecule:1068,release_scale_review_batch009_mega_fast_manual_benchmark_v1,2026-06-02T15:59:55+00:00
356,toxicity_safety_v0_1,test,toxicity_endpoint,540,source_plus_molecule_grouped_hash_v1,source:3619|molecule:1016,release_scale_review_batch009_mega_fast_manual_benchmark_v1,2026-06-02T15:59:55+00:00
359,toxicity_safety_v0_1,train,toxicity_endpoint,543,source_plus_molecule_grouped_hash_v1,source:3710|molecule:1017,release_scale_review_batch009_mega_fast_manual_benchmark_v1,2026-06-02T15:59:55+00:00
360,toxicity_safety_v0_1,train,toxicity_endpoint,544,source_plus_molecule_grouped_hash_v1,source:3725|molecule:1018,release_scale_review_batch009_mega_fast_manual_benchmark_v1,2026-06-02T15:59:55+00:00
361,toxicity_safety_v0_1,train,toxicity_endpoint,546,source_plus_molecule_grouped_hash_v1,source:3771|molecule:985,release_scale_review_batch009_mega_fast_manual_benchmark_v1,2026-06-02T15:59:55+00:00
362,toxicity_safety_v0_1,validation,toxicity_endpoint,548,source_plus_molecule_grouped_hash_v1,source:3801|molecule:435,release_scale_review_batch009_mega_fast_manual_benchmark_v1,2026-06-02T15:59:55+00:00
367,toxicity_safety_v0_1,validation,toxicity_endpoint,556,source_plus_molecule_grouped_hash_v1,source:7717|molecule:1019,release_scale_review_batch009_mega_fast_manual_benchmark_v1,2026-06-02T15:59:55+00:00
371,toxicity_safety_v0_1,train,toxicity_endpoint,560,source_plus_molecule_grouped_hash_v1,source:7835|molecule:1020,release_scale_review_batch009_mega_fast_manual_benchmark_v1,2026-06-02T15:59:55+00:00
376,toxicity_safety_v0_1,validation,toxicity_endpoint,565,source_plus_molecule_grouped_hash_v1,source:8330|molecule:1069,release_scale_review_batch009_mega_fast_manual_benchmark_v1,2026-06-02T15:59:55+00:00
377,toxicity_safety_v0_1,train,toxicity_endpoint,566,source_plus_molecule_grouped_hash_v1,source:8508|molecule:531,release_scale_review_batch009_mega_fast_manual_benchmark_v1,2026-06-02T15:59:55+00:00
379,toxicity_safety_v0_1,train,toxicity_endpoint,568,source_plus_molecule_grouped_hash_v1,source:8603|molecule:1070,release_scale_review_batch009_mega_fast_manual_benchmark_v1,2026-06-02T15:59:55+00:00
383,toxicity_safety_v0_1,train,toxicity_endpoint,574,source_plus_molecule_grouped_hash_v1,source:9180|molecule:986,release_scale_review_batch009_mega_fast_manual_benchmark_v1,2026-06-02T15:59:55+00:00
386,toxicity_safety_v0_1,test,toxicity_endpoint,578,source_plus_molecule_grouped_hash_v1,source:9560|molecule:1021,release_scale_review_batch009_mega_fast_manual_benchmark_v1,2026-06-02T15:59:55+00:00
389,toxicity_safety_v0_1,train,toxicity_endpoint,581,source_plus_molecule_grouped_hash_v1,source:9662|molecule:1022,release_scale_review_batch009_mega_fast_manual_benchmark_v1,2026-06-02T15:59:55+00:00
393,toxicity_safety_v0_1,train,toxicity_endpoint,586,source_plus_molecule_grouped_hash_v1,source:9792|molecule:1071,release_scale_review_batch009_mega_fast_manual_benchmark_v1,2026-06-02T15:59:55+00:00
394,toxicity_safety_v0_1,train,toxicity_endpoint,587,source_plus_molecule_grouped_hash_v1,source:9966|molecule:299,release_scale_review_batch009_mega_fast_manual_benchmark_v1,2026-06-02T15:59:55+00:00
395,toxicity_safety_v0_1,train,toxicity_endpoint,589,source_plus_molecule_grouped_hash_v1,source:10245|molecule:1023,release_scale_review_batch009_mega_fast_manual_benchmark_v1,2026-06-02T15:59:55+00:00
400,toxicity_safety_v0_1,validation,toxicity_endpoint,598,source_plus_molecule_grouped_hash_v1,source:1282|molecule:1024,release_scale_review_batch009_mega_fast_manual_benchmark_v1,2026-06-02T15:59:55+00:00
402,toxicity_safety_v0_1,train,toxicity_endpoint,600,source_plus_molecule_grouped_hash_v1,source:1562|molecule:1025,release_scale_review_batch009_mega_fast_manual_benchmark_v1,2026-06-02T15:59:55+00:00
403,toxicity_safety_v0_1,train,toxicity_endpoint,602,source_plus_molecule_grouped_hash_v1,source:2588|molecule:472,release_scale_review_batch009_mega_fast_manual_benchmark_v1,2026-06-02T15:59:55+00:00
404,toxicity_safety_v0_1,train,toxicity_endpoint,603,source_plus_molecule_grouped_hash_v1,source:2618|molecule:1072,release_scale_review_batch009_mega_fast_manual_benchmark_v1,2026-06-02T15:59:55+00:00
405,toxicity_safety_v0_1,train,toxicity_endpoint,605,source_plus_molecule_grouped_hash_v1,source:3848|molecule:1073,release_scale_review_batch009_mega_fast_manual_benchmark_v1,2026-06-02T15:59:55+00:00
407,toxicity_safety_v0_1,test,toxicity_endpoint,607,source_plus_molecule_grouped_hash_v1,source:3903|molecule:1026,release_scale_review_batch009_mega_fast_manual_benchmark_v1,2026-06-02T15:59:55+00:00
408,toxicity_safety_v0_1,train,toxicity_endpoint,608,source_plus_molecule_grouped_hash_v1,source:3912|molecule:1027,release_scale_review_batch009_mega_fast_manual_benchmark_v1,2026-06-02T15:59:55+00:00
409,toxicity_safety_v0_1,train,toxicity_endpoint,609,source_plus_molecule_grouped_hash_v1,source:3913|molecule:1074,release_scale_review_batch009_mega_fast_manual_benchmark_v1,2026-06-02T15:59:55+00:00
412,toxicity_safety_v0_1,test,toxicity_endpoint,616,source_plus_molecule_grouped_hash_v1,source:11036|molecule:299,release_scale_review_batch009_mega_fast_manual_benchmark_v1,2026-06-02T15:59:55+00:00
418,toxicity_safety_v0_1,train,toxicity_endpoint,623,source_plus_molecule_grouped_hash_v1,source:11416|molecule:551,release_scale_review_batch009_mega_fast_manual_benchmark_v1,2026-06-02T15:59:55+00:00
421,toxicity_safety_v0_1,train,toxicity_endpoint,628,source_plus_molecule_grouped_hash_v1,source:12446|molecule:1028,release_scale_review_batch009_mega_fast_manual_benchmark_v1,2026-06-02T15:59:55+00:00
425,toxicity_safety_v0_1,test,toxicity_endpoint,634,source_plus_molecule_grouped_hash_v1,source:13678|molecule:1075,release_scale_review_batch009_mega_fast_manual_benchmark_v1,2026-06-02T15:59:55+00:00
428,toxicity_safety_v0_1,train,toxicity_endpoint,639,source_plus_molecule_grouped_hash_v1,source:1136|molecule:1029,release_scale_review_batch009_mega_fast_manual_benchmark_v1,2026-06-02T15:59:55+00:00
429,toxicity_safety_v0_1,train,toxicity_endpoint,640,source_plus_molecule_grouped_hash_v1,source:1292|molecule:185,release_scale_review_batch009_mega_fast_manual_benchmark_v1,2026-06-02T15:59:55+00:00
430,toxicity_safety_v0_1,train,toxicity_endpoint,641,source_plus_molecule_grouped_hash_v1,source:1955|molecule:494,release_scale_review_batch009_mega_fast_manual_benchmark_v1,2026-06-02T15:59:55+00:00
431,toxicity_safety_v0_1,validation,toxicity_endpoint,642,source_plus_molecule_grouped_hash_v1,source:1958|molecule:1030,release_scale_review_batch009_mega_fast_manual_benchmark_v1,2026-06-02T15:59:55+00:00
432,toxicity_safety_v0_1,validation,toxicity_endpoint,644,source_plus_molecule_grouped_hash_v1,source:11827|molecule:1031,release_scale_review_batch009_mega_fast_manual_benchmark_v1,2026-06-02T15:59:55+00:00
434,toxicity_safety_v0_1,train,toxicity_endpoint,646,source_plus_molecule_grouped_hash_v1,source:11931|molecule:1032,release_scale_review_batch009_mega_fast_manual_benchmark_v1,2026-06-02T15:59:55+00:00
436,toxicity_safety_v0_1,train,toxicity_endpoint,648,source_plus_molecule_grouped_hash_v1,source:12175|molecule:1033,release_scale_review_batch009_mega_fast_manual_benchmark_v1,2026-06-02T15:59:55+00:00
438,toxicity_safety_v0_1,validation,toxicity_endpoint,650,source_plus_molecule_grouped_hash_v1,source:13969|molecule:1034,release_scale_review_batch009_mega_fast_manual_benchmark_v1,2026-06-02T15:59:55+00:00
439,toxicity_safety_v0_1,validation,toxicity_endpoint,651,source_plus_molecule_grouped_hash_v1,source:13975|molecule:557,release_scale_review_batch009_mega_fast_manual_benchmark_v1,2026-06-02T15:59:55+00:00
441,toxicity_safety_v0_1,train,toxicity_endpoint,654,source_plus_molecule_grouped_hash_v1,source:14152|molecule:1035,release_scale_review_batch009_mega_fast_manual_benchmark_v1,2026-06-02T15:59:55+00:00
443,toxicity_safety_v0_1,train,toxicity_endpoint,657,source_plus_molecule_grouped_hash_v1,source:14202|molecule:559,release_scale_review_batch009_mega_fast_manual_benchmark_v1,2026-06-02T15:59:55+00:00
444,toxicity_safety_v0_1,validation,toxicity_endpoint,658,source_plus_molecule_grouped_hash_v1,source:14276|molecule:1036,release_scale_review_batch009_mega_fast_manual_benchmark_v1,2026-06-02T15:59:55+00:00
445,toxicity_safety_v0_1,train,toxicity_endpoint,659,source_plus_molecule_grouped_hash_v1,source:14302|molecule:1037,release_scale_review_batch009_mega_fast_manual_benchmark_v1,2026-06-02T15:59:55+00:00
446,toxicity_safety_v0_1,train,toxicity_endpoint,660,source_plus_molecule_grouped_hash_v1,source:1485|molecule:1038,release_scale_review_batch009_mega_fast_manual_benchmark_v1,2026-06-02T15:59:55+00:00
447,toxicity_safety_v0_1,train,toxicity_endpoint,661,source_plus_molecule_grouped_hash_v1,source:1615|molecule:1039,release_scale_review_batch009_mega_fast_manual_benchmark_v1,2026-06-02T15:59:55+00:00
448,toxicity_safety_v0_1,train,toxicity_endpoint,662,source_plus_molecule_grouped_hash_v1,source:1617|molecule:561,release_scale_review_batch009_mega_fast_manual_benchmark_v1,2026-06-02T15:59:55+00:00
449,toxicity_safety_v0_1,test,toxicity_endpoint,664,source_plus_molecule_grouped_hash_v1,source:1964|molecule:1040,release_scale_review_batch009_mega_fast_manual_benchmark_v1,2026-06-02T15:59:55+00:00
450,toxicity_safety_v0_1,train,toxicity_endpoint,666,source_plus_molecule_grouped_hash_v1,source:1981|molecule:1041,release_scale_review_batch009_mega_fast_manual_benchmark_v1,2026-06-02T15:59:55+00:00
452,toxicity_safety_v0_1,train,toxicity_endpoint,668,source_plus_molecule_grouped_hash_v1,source:2727|molecule:1042,release_scale_review_batch009_mega_fast_manual_benchmark_v1,2026-06-02T15:59:55+00:00
454,toxicity_safety_v0_1,test,toxicity_endpoint,670,source_plus_molecule_grouped_hash_v1,source:4051|molecule:1043,release_scale_review_batch009_mega_fast_manual_benchmark_v1,2026-06-02T15:59:55+00:00
457,toxicity_safety_v0_1,train,toxicity_endpoint,676,source_plus_molecule_grouped_hash_v1,source:14660|molecule:1044,release_scale_review_batch009_mega_fast_manual_benchmark_v1,2026-06-02T15:59:55+00:00
458,toxicity_safety_v0_1,train,toxicity_endpoint,678,source_plus_molecule_grouped_hash_v1,source:1638|molecule:563,release_scale_review_batch009_mega_fast_manual_benchmark_v1,2026-06-02T15:59:55+00:00
459,toxicity_safety_v0_1,test,toxicity_endpoint,679,source_plus_molecule_grouped_hash_v1,source:1645|molecule:299,release_scale_review_batch009_mega_fast_manual_benchmark_v1,2026-06-02T15:59:55+00:00
463,toxicity_safety_v0_1,validation,toxicity_endpoint,686,source_plus_molecule_grouped_hash_v1,source:14741|molecule:1045,release_scale_review_batch009_mega_fast_manual_benchmark_v1,2026-06-02T15:59:55+00:00
464,toxicity_safety_v0_1,train,toxicity_endpoint,687,source_plus_molecule_grouped_hash_v1,source:14753|molecule:1076,release_scale_review_batch009_mega_fast_manual_benchmark_v1,2026-06-02T15:59:55+00:00
467,toxicity_safety_v0_1,validation,toxicity_endpoint,690,source_plus_molecule_grouped_hash_v1,source:14789|molecule:569,release_scale_review_batch009_mega_fast_manual_benchmark_v1,2026-06-02T15:59:55+00:00
469,toxicity_safety_v0_1,test,toxicity_endpoint,693,source_plus_molecule_grouped_hash_v1,source:14905|molecule:563,release_scale_review_batch009_mega_fast_manual_benchmark_v1,2026-06-02T15:59:55+00:00
470,toxicity_safety_v0_1,test,toxicity_endpoint,694,source_plus_molecule_grouped_hash_v1,source:14926|molecule:1046,release_scale_review_batch009_mega_fast_manual_benchmark_v1,2026-06-02T15:59:55+00:00
471,toxicity_safety_v0_1,train,toxicity_endpoint,695,source_plus_molecule_grouped_hash_v1,source:1492|molecule:1047,release_scale_review_batch009_mega_fast_manual_benchmark_v1,2026-06-02T15:59:55+00:00
472,toxicity_safety_v0_1,train,toxicity_endpoint,696,source_plus_molecule_grouped_hash_v1,source:1660|molecule:1048,release_scale_review_batch009_mega_fast_manual_benchmark_v1,2026-06-02T15:59:55+00:00
475,toxicity_safety_v0_1,train,toxicity_endpoint,700,source_plus_molecule_grouped_hash_v1,source:14986|molecule:1049,release_scale_review_batch009_mega_fast_manual_benchmark_v1,2026-06-02T15:59:55+00:00
477,toxicity_safety_v0_1,train,toxicity_endpoint,702,source_plus_molecule_grouped_hash_v1,source:2782|molecule:1050,release_scale_review_batch009_mega_fast_manual_benchmark_v1,2026-06-02T15:59:55+00:00
478,toxicity_safety_v0_1,train,toxicity_endpoint,703,source_plus_molecule_grouped_hash_v1,source:3148|molecule:563,release_scale_review_batch009_mega_fast_manual_benchmark_v1,2026-06-02T15:59:55+00:00
479,toxicity_safety_v0_1,train,toxicity_endpoint,705,source_plus_molecule_grouped_hash_v1,source:4213|molecule:990,release_scale_review_batch009_mega_fast_manual_benchmark_v1,2026-06-02T15:59:55+00:00
480,toxicity_safety_v0_1,train,toxicity_endpoint,706,source_plus_molecule_grouped_hash_v1,source:12610|molecule:1051,release_scale_review_batch009_mega_fast_manual_benchmark_v1,2026-06-02T15:59:55+00:00
482,toxicity_safety_v0_1,train,toxicity_endpoint,708,source_plus_molecule_grouped_hash_v1,source:15084|molecule:1052,release_scale_review_batch009_mega_fast_manual_benchmark_v1,2026-06-02T15:59:55+00:00
490,toxicity_safety_v0_1,test,toxicity_endpoint,717,source_plus_molecule_grouped_hash_v1,source:2323|molecule:1077,release_scale_review_batch009_mega_fast_manual_benchmark_v1,2026-06-02T15:59:55+00:00
494,toxicity_safety_v0_1,train,toxicity_endpoint,723,source_plus_molecule_grouped_hash_v1,source:12648|molecule:575,release_scale_review_batch009_mega_fast_manual_benchmark_v1,2026-06-02T15:59:55+00:00
498,toxicity_safety_v0_1,test,toxicity_endpoint,727,source_plus_molecule_grouped_hash_v1,source:4239|molecule:1053,release_scale_review_batch009_mega_fast_manual_benchmark_v1,2026-06-02T15:59:55+00:00
500,toxicity_safety_v0_1,train,toxicity_endpoint,729,source_plus_molecule_grouped_hash_v1,source:12672|molecule:1054,release_scale_review_batch009_mega_fast_manual_benchmark_v1,2026-06-02T15:59:55+00:00
502,toxicity_safety_v0_1,train,toxicity_endpoint,731,source_plus_molecule_grouped_hash_v1,source:15206|molecule:578,release_scale_review_batch009_mega_fast_manual_benchmark_v1,2026-06-02T15:59:55+00:00
507,toxicity_safety_v0_1,train,toxicity_endpoint,736,source_plus_molecule_grouped_hash_v1,source:4256|molecule:494,release_scale_review_batch009_mega_fast_manual_benchmark_v1,2026-06-02T15:59:55+00:00
512,toxicity_safety_v0_1,train,toxicity_endpoint,742,source_plus_molecule_grouped_hash_v1,source:4288|molecule:986,release_scale_review_batch009_mega_fast_manual_benchmark_v1,2026-06-02T15:59:55+00:00
515,toxicity_safety_v0_1,train,toxicity_endpoint,958,source_plus_molecule_grouped_hash_v1,source:1213|molecule:633,release_scale_review_batch009_mega_fast_manual_benchmark_v1,2026-06-02T15:59:55+00:00
521,toxicity_safety_v0_1,train,toxicity_endpoint,966,source_plus_molecule_grouped_hash_v1,source:1776|molecule:1055,release_scale_review_batch009_mega_fast_manual_benchmark_v1,2026-06-02T15:59:55+00:00
524,toxicity_safety_v0_1,train,toxicity_endpoint,969,source_plus_molecule_grouped_hash_v1,source:3251|molecule:1056,release_scale_review_batch009_mega_fast_manual_benchmark_v1,2026-06-02T15:59:55+00:00
528,toxicity_safety_v0_1,train,toxicity_endpoint,974,source_plus_molecule_grouped_hash_v1,source:3301|molecule:994,release_scale_review_batch009_mega_fast_manual_benchmark_v1,2026-06-02T15:59:55+00:00
589,toxicity_safety_v0_1,train,toxicity_endpoint,1039,source_plus_molecule_grouped_hash_v1,source:1497|molecule:1057,release_scale_review_batch009_mega_fast_manual_benchmark_v1,2026-06-02T15:59:55+00:00
593,toxicity_safety_v0_1,validation,toxicity_endpoint,1043,source_plus_molecule_grouped_hash_v1,source:1828|molecule:986,release_scale_review_batch009_mega_fast_manual_benchmark_v1,2026-06-02T15:59:55+00:00
604,toxicity_safety_v0_1,train,toxicity_endpoint,1057,source_plus_molecule_grouped_hash_v1,source:3701|molecule:652,release_scale_review_batch009_mega_fast_manual_benchmark_v1,2026-06-02T15:59:55+00:00
607,toxicity_safety_v0_1,test,toxicity_endpoint,1060,source_plus_molecule_grouped_hash_v1,source:3717|molecule:652,release_scale_review_batch009_mega_fast_manual_benchmark_v1,2026-06-02T15:59:55+00:00
627,toxicity_safety_v0_1,train,toxicity_endpoint,1083,source_plus_molecule_grouped_hash_v1,source:8415|molecule:660,release_scale_review_batch009_mega_fast_manual_benchmark_v1,2026-06-02T15:59:55+00:00
656,toxicity_safety_v0_1,train,toxicity_endpoint,1117,source_plus_molecule_grouped_hash_v1,source:10025|molecule:986,release_scale_review_batch009_mega_fast_manual_benchmark_v1,2026-06-02T15:59:55+00:00
669,toxicity_safety_v0_1,validation,toxicity_endpoint,1131,source_plus_molecule_grouped_hash_v1,source:12392|molecule:985,release_scale_review_batch009_mega_fast_manual_benchmark_v1,2026-06-02T15:59:55+00:00
676,toxicity_safety_v0_1,train,toxicity_endpoint,1141,source_plus_molecule_grouped_hash_v1,source:13436|molecule:1058,release_scale_review_batch009_mega_fast_manual_benchmark_v1,2026-06-02T15:59:55+00:00
690,toxicity_safety_v0_1,validation,toxicity_endpoint,1156,source_plus_molecule_grouped_hash_v1,source:3958|molecule:1059,release_scale_review_batch009_mega_fast_manual_benchmark_v1,2026-06-02T15:59:55+00:00
695,toxicity_safety_v0_1,train,toxicity_endpoint,1161,source_plus_molecule_grouped_hash_v1,source:10566|molecule:231,release_scale_review_batch009_mega_fast_manual_benchmark_v1,2026-06-02T15:59:55+00:00
704,toxicity_safety_v0_1,train,toxicity_endpoint,1172,source_plus_molecule_grouped_hash_v1,source:10988|molecule:985,release_scale_review_batch009_mega_fast_manual_benchmark_v1,2026-06-02T15:59:55+00:00
711,toxicity_safety_v0_1,train,toxicity_endpoint,1179,source_plus_molecule_grouped_hash_v1,source:11191|molecule:1078,release_scale_review_batch009_mega_fast_manual_benchmark_v1,2026-06-02T15:59:55+00:00
712,toxicity_safety_v0_1,train,toxicity_endpoint,1180,source_plus_molecule_grouped_hash_v1,source:11199|molecule:299,release_scale_review_batch009_mega_fast_manual_benchmark_v1,2026-06-02T15:59:55+00:00
732,toxicity_safety_v0_1,train,toxicity_endpoint,1203,source_plus_molecule_grouped_hash_v1,source:1481|molecule:1060,release_scale_review_batch009_mega_fast_manual_benchmark_v1,2026-06-02T15:59:55+00:00
743,toxicity_safety_v0_1,train,toxicity_endpoint,1214,source_plus_molecule_grouped_hash_v1,source:3979|molecule:1061,release_scale_review_batch009_mega_fast_manual_benchmark_v1,2026-06-02T15:59:55+00:00
767,toxicity_safety_v0_1,train,toxicity_endpoint,1240,source_plus_molecule_grouped_hash_v1,source:1619|molecule:986,release_scale_review_batch009_mega_fast_manual_benchmark_v1,2026-06-02T15:59:55+00:00
771,toxicity_safety_v0_1,train,toxicity_endpoint,1244,source_plus_molecule_grouped_hash_v1,source:2210|molecule:1062,release_scale_review_batch009_mega_fast_manual_benchmark_v1,2026-06-02T15:59:55+00:00
774,toxicity_safety_v0_1,validation,toxicity_endpoint,1247,source_plus_molecule_grouped_hash_v1,source:4069|molecule:1063,release_scale_review_batch009_mega_fast_manual_benchmark_v1,2026-06-02T15:59:55+00:00
782,toxicity_safety_v0_1,train,toxicity_endpoint,1257,source_plus_molecule_grouped_hash_v1,source:14599|molecule:599,release_scale_review_batch009_mega_fast_manual_benchmark_v1,2026-06-02T15:59:55+00:00
788,toxicity_safety_v0_1,train,toxicity_endpoint,1263,source_plus_molecule_grouped_hash_v1,source:1996|molecule:695,release_scale_review_batch009_mega_fast_manual_benchmark_v1,2026-06-02T15:59:55+00:00
795,toxicity_safety_v0_1,train,toxicity_endpoint,1270,source_plus_molecule_grouped_hash_v1,source:12553|molecule:435,release_scale_review_batch009_mega_fast_manual_benchmark_v1,2026-06-02T15:59:55+00:00
814,toxicity_safety_v0_1,validation,toxicity_endpoint,1292,source_plus_molecule_grouped_hash_v1,source:12604|molecule:1079,release_scale_review_batch009_mega_fast_manual_benchmark_v1,2026-06-02T15:59:55+00:00
815,toxicity_safety_v0_1,train,toxicity_endpoint,1293,source_plus_molecule_grouped_hash_v1,source:12616|molecule:435,release_scale_review_batch009_mega_fast_manual_benchmark_v1,2026-06-02T15:59:55+00:00
827,toxicity_safety_v0_1,train,toxicity_endpoint,1306,source_plus_molecule_grouped_hash_v1,source:4261|molecule:1080,release_scale_review_batch009_mega_fast_manual_benchmark_v1,2026-06-02T15:59:55+00:00
832,offtarget_safety_v0_1,train,offtarget_evidence,331,source_plus_molecule_grouped_hash_v1,source:15845|molecule:778,release_scale_review_batch012_fulltext_merged_manual_benchmark_v1,2026-06-02T20:47:17+00:00
834,offtarget_safety_v0_1,train,offtarget_evidence,333,source_plus_molecule_grouped_hash_v1,source:1442|molecule:780,release_scale_review_batch012_fulltext_merged_manual_benchmark_v1,2026-06-02T20:47:17+00:00
835,offtarget_safety_v0_1,train,offtarget_evidence,334,source_plus_molecule_grouped_hash_v1,source:1031|molecule:781,release_scale_review_batch012_fulltext_merged_manual_benchmark_v1,2026-06-02T20:47:17+00:00
838,offtarget_safety_v0_1,train,offtarget_evidence,337,source_plus_molecule_grouped_hash_v1,source:15362|molecule:782,release_scale_review_batch012_fulltext_merged_manual_benchmark_v1,2026-06-02T20:47:17+00:00
839,offtarget_safety_v0_1,train,offtarget_evidence,338,source_plus_molecule_grouped_hash_v1,source:15336|molecule:783,release_scale_review_batch012_fulltext_merged_manual_benchmark_v1,2026-06-02T20:47:17+00:00
840,offtarget_safety_v0_1,train,offtarget_evidence,339,source_plus_molecule_grouped_hash_v1,source:20894|molecule:784,release_scale_review_batch012_fulltext_merged_manual_benchmark_v1,2026-06-02T20:47:17+00:00
841,offtarget_safety_v0_1,train,offtarget_evidence,340,source_plus_molecule_grouped_hash_v1,source:28684|molecule:785,release_scale_review_batch012_fulltext_merged_manual_benchmark_v1,2026-06-02T20:47:17+00:00
844,offtarget_safety_v0_1,train,offtarget_evidence,343,source_plus_molecule_grouped_hash_v1,source:31422|molecule:788,release_scale_review_batch012_fulltext_merged_manual_benchmark_v1,2026-06-02T20:47:17+00:00
845,offtarget_safety_v0_1,test,offtarget_evidence,344,source_plus_molecule_grouped_hash_v1,source:1411|molecule:789,release_scale_review_batch012_fulltext_merged_manual_benchmark_v1,2026-06-02T20:47:17+00:00
846,offtarget_safety_v0_1,train,offtarget_evidence,345,source_plus_molecule_grouped_hash_v1,source:2058|molecule:790,release_scale_review_batch012_fulltext_merged_manual_benchmark_v1,2026-06-02T20:47:17+00:00
847,offtarget_safety_v0_1,test,offtarget_evidence,346,source_plus_molecule_grouped_hash_v1,source:2813|molecule:791,release_scale_review_batch012_fulltext_merged_manual_benchmark_v1,2026-06-02T20:47:17+00:00
849,offtarget_safety_v0_1,test,offtarget_evidence,348,source_plus_molecule_grouped_hash_v1,source:15837|molecule:793,release_scale_review_batch012_fulltext_merged_manual_benchmark_v1,2026-06-02T20:47:17+00:00
852,offtarget_safety_v0_1,train,offtarget_evidence,351,source_plus_molecule_grouped_hash_v1,source:1157|molecule:796,release_scale_review_batch012_fulltext_merged_manual_benchmark_v1,2026-06-02T20:47:17+00:00
856,offtarget_safety_v0_1,train,offtarget_evidence,355,source_plus_molecule_grouped_hash_v1,source:1481|molecule:800,release_scale_review_batch012_fulltext_merged_manual_benchmark_v1,2026-06-02T20:47:17+00:00
865,offtarget_safety_v0_1,train,offtarget_evidence,364,source_plus_molecule_grouped_hash_v1,source:4230|molecule:809,release_scale_review_batch012_fulltext_merged_manual_benchmark_v1,2026-06-02T20:47:17+00:00
871,offtarget_safety_v0_1,train,offtarget_evidence,370,source_plus_molecule_grouped_hash_v1,source:16582|molecule:815,release_scale_review_batch012_fulltext_merged_manual_benchmark_v1,2026-06-02T20:47:17+00:00
884,offtarget_safety_v0_1,train,offtarget_evidence,383,source_plus_molecule_grouped_hash_v1,source:15558|molecule:826,release_scale_review_batch012_fulltext_merged_manual_benchmark_v1,2026-06-02T20:47:17+00:00
885,offtarget_safety_v0_1,train,offtarget_evidence,384,source_plus_molecule_grouped_hash_v1,source:15470|molecule:827,release_scale_review_batch012_fulltext_merged_manual_benchmark_v1,2026-06-02T20:47:17+00:00
887,offtarget_safety_v0_1,train,offtarget_evidence,386,source_plus_molecule_grouped_hash_v1,source:21536|molecule:829,release_scale_review_batch012_fulltext_merged_manual_benchmark_v1,2026-06-02T20:47:17+00:00
891,offtarget_safety_v0_1,train,offtarget_evidence,390,source_plus_molecule_grouped_hash_v1,source:1409|molecule:833,release_scale_review_batch012_fulltext_merged_manual_benchmark_v1,2026-06-02T20:47:17+00:00
892,offtarget_safety_v0_1,train,offtarget_evidence,391,source_plus_molecule_grouped_hash_v1,source:2253|molecule:834,release_scale_review_batch012_fulltext_merged_manual_benchmark_v1,2026-06-02T20:47:17+00:00
893,offtarget_safety_v0_1,train,offtarget_evidence,392,source_plus_molecule_grouped_hash_v1,source:2062|molecule:438,release_scale_review_batch012_fulltext_merged_manual_benchmark_v1,2026-06-02T20:47:17+00:00
895,offtarget_safety_v0_1,train,offtarget_evidence,394,source_plus_molecule_grouped_hash_v1,source:1233|molecule:836,release_scale_review_batch012_fulltext_merged_manual_benchmark_v1,2026-06-02T20:47:17+00:00
912,offtarget_safety_v0_1,train,offtarget_evidence,411,source_plus_molecule_grouped_hash_v1,source:2060|molecule:629,release_scale_review_batch012_fulltext_merged_manual_benchmark_v1,2026-06-02T20:47:17+00:00
915,offtarget_safety_v0_1,validation,offtarget_evidence,414,source_plus_molecule_grouped_hash_v1,source:2063|molecule:850,release_scale_review_batch012_fulltext_merged_manual_benchmark_v1,2026-06-02T20:47:17+00:00
916,offtarget_safety_v0_1,train,offtarget_evidence,415,source_plus_molecule_grouped_hash_v1,source:1055|molecule:851,release_scale_review_batch012_fulltext_merged_manual_benchmark_v1,2026-06-02T20:47:17+00:00
917,offtarget_safety_v0_1,train,offtarget_evidence,416,source_plus_molecule_grouped_hash_v1,source:1058|molecule:852,release_scale_review_batch012_fulltext_merged_manual_benchmark_v1,2026-06-02T20:47:17+00:00
918,offtarget_safety_v0_1,train,offtarget_evidence,417,source_plus_molecule_grouped_hash_v1,source:1210|molecule:853,release_scale_review_batch012_fulltext_merged_manual_benchmark_v1,2026-06-02T20:47:17+00:00
937,offtarget_safety_v0_1,train,offtarget_evidence,436,source_plus_molecule_grouped_hash_v1,source:1615|molecule:869,release_scale_review_batch012_fulltext_merged_manual_benchmark_v1,2026-06-02T20:47:17+00:00
942,offtarget_safety_v0_1,train,offtarget_evidence,441,source_plus_molecule_grouped_hash_v1,source:2770|molecule:873,release_scale_review_batch012_fulltext_merged_manual_benchmark_v1,2026-06-02T20:47:17+00:00
952,offtarget_safety_v0_1,test,offtarget_evidence,451,source_plus_molecule_grouped_hash_v1,source:1732|molecule:882,release_scale_review_batch012_fulltext_merged_manual_benchmark_v1,2026-06-02T20:47:17+00:00
957,offtarget_safety_v0_1,train,offtarget_evidence,456,source_plus_molecule_grouped_hash_v1,source:3301|molecule:886,release_scale_review_batch012_fulltext_merged_manual_benchmark_v1,2026-06-02T20:47:17+00:00
963,offtarget_safety_v0_1,validation,offtarget_evidence,462,source_plus_molecule_grouped_hash_v1,source:1477|molecule:892,release_scale_review_batch012_fulltext_merged_manual_benchmark_v1,2026-06-02T20:47:17+00:00
964,offtarget_safety_v0_1,train,offtarget_evidence,463,source_plus_molecule_grouped_hash_v1,source:1789|molecule:893,release_scale_review_batch012_fulltext_merged_manual_benchmark_v1,2026-06-02T20:47:17+00:00
965,offtarget_safety_v0_1,train,offtarget_evidence,464,source_plus_molecule_grouped_hash_v1,source:1824|molecule:894,release_scale_review_batch012_fulltext_merged_manual_benchmark_v1,2026-06-02T20:47:17+00:00
974,offtarget_safety_v0_1,train,offtarget_evidence,473,source_plus_molecule_grouped_hash_v1,source:3544|molecule:902,release_scale_review_batch012_fulltext_merged_manual_benchmark_v1,2026-06-02T20:47:17+00:00
984,offtarget_safety_v0_1,test,offtarget_evidence,483,source_plus_molecule_grouped_hash_v1,source:8415|molecule:912,release_scale_review_batch012_fulltext_merged_manual_benchmark_v1,2026-06-02T20:47:17+00:00
994,offtarget_safety_v0_1,train,offtarget_evidence,493,source_plus_molecule_grouped_hash_v1,source:10539|molecule:921,release_scale_review_batch012_fulltext_merged_manual_benchmark_v1,2026-06-02T20:47:17+00:00
1007,offtarget_safety_v0_1,train,offtarget_evidence,506,source_plus_molecule_grouped_hash_v1,source:14112|molecule:932,release_scale_review_batch012_fulltext_merged_manual_benchmark_v1,2026-06-02T20:47:17+00:00
1011,offtarget_safety_v0_1,train,offtarget_evidence,510,source_plus_molecule_grouped_hash_v1,source:1486|molecule:187,release_scale_review_batch012_fulltext_merged_manual_benchmark_v1,2026-06-02T20:47:17+00:00
1027,offtarget_safety_v0_1,train,offtarget_evidence,526,source_plus_molecule_grouped_hash_v1,source:4213|molecule:881,release_scale_review_batch012_fulltext_merged_manual_benchmark_v1,2026-06-02T20:47:17+00:00
1031,offtarget_safety_v0_1,train,offtarget_evidence,530,source_plus_molecule_grouped_hash_v1,source:12621|molecule:952,release_scale_review_batch012_fulltext_merged_manual_benchmark_v1,2026-06-02T20:47:17+00:00
1035,offtarget_safety_v0_1,train,offtarget_evidence,534,source_plus_molecule_grouped_hash_v1,source:2064|molecule:956,release_scale_review_batch012_fulltext_merged_manual_benchmark_v1,2026-06-02T20:47:17+00:00
